{"stats":{"minecraft:dropped":{"kubejs:string":3,"cyber_ware_port:cyberlimbs_cyberleg_left":1,"gravestone:obituary":8,"cyber_ware_port:body_part_leg_right":1,"cyber_ware_port:body_part_arm_right":1},"minecraft:killed":{"cyber_ware_port:cyber_zombie":24},"minecraft:crafted":{"minecraft:crafting_table":1},"minecraft:picked_up":{"cyber_ware_port:brain_upgrades_matrix":1,"cyber_ware_port:body_part_arm_right":1,"cyber_ware_port:cybereyes":1,"cyber_ware_port:cybereye_upgrades_underwater_vision":1,"cyber_ware_port:cyberlimbs_cyberarm_right":1,"cyber_ware_port:foot_upgrades_spurs":1,"cyber_ware_port:skin_upgrades_immuno":2,"cyber_ware_port:cyberlimbs_cyberarm_left":1,"cyber_ware_port:muscle_upgrades_wired_reflexes":1,"cyber_ware_port:hand_upgrades_mining":3,"cyber_ware_port:cyberlimbs_cyberleg_left":2,"gravestone:obituary":8,"cyber_ware_port:dense_battery":6,"cyber_ware_port:skin_upgrades_solar_skin":1,"minecraft:dirt":2,"minecraft:paper":63,"kubejs:string":3,"cyber_ware_port:lungs_upgrades_oxygen":3,"cyber_ware_port:bone_upgrades_boneflex":2,"cyber_ware_port:foot_upgrades_wheels":2,"cyber_ware_port:cybereye_upgrades_night_vision":2},"minecraft:used":{"gtceu:lv_bakery":1,"minecraft:lever":1,"gtceu:mv_machine_casing":1,"minecraft:bricks":2,"gtceu:ev_machine_casing":1,"gtceu:iv_machine_casing":1,"gtceu:hv_machine_casing":1,"gtceu:lv_machine_casing":1,"gtceu:ulv_machine_casing":1,"gtceu:lv_submitter":4,"minecraft:grass_block":10,"minecraft:chest":1,"gtceu:zpm_machine_casing":1,"cyber_ware_port:scanner":1,"cyber_ware_port:radio_kit":1,"javd:portal_block":6,"gtceu:luv_machine_casing":1,"minecraft:stone_bricks":4,"gtceu:ev_particle_accelerator":1,"minecraft:dirt":1,"cyber_ware_port:radio_tower_core":6,"cyber_ware_port:radio_tower_component":9,"storagebox:storagebox":4,"minecraft:repeating_command_block":1,"gtceu:uhv_machine_casing":1,"gtceu:uv_machine_casing":1,"cyber_ware_port:surgery_chamber":2,"cyber_ware_port:robo_surgeon":3,"cyber_ware_port:katana":16},"minecraft:mined":{"minecraft:grass_block":2},"minecraft:custom":{"minecraft:time_since_rest":676708,"minecraft:sprint_one_cm":2179,"minecraft:walk_one_cm":29040,"minecraft:mob_kills":24,"minecraft:drop":14,"minecraft:damage_dealt":724,"minecraft:fly_one_cm":7394,"minecraft:open_chest":2,"minecraft:crouch_one_cm":699,"minecraft:play_time":688585,"minecraft:deaths":1,"minecraft:sneak_time":485,"minecraft:jump":43,"minecraft:leave_game":34,"minecraft:time_since_death":676682,"minecraft:total_world_time":798806}},"DataVersion":3465}