{"stats":{"minecraft:mined":{"minecraft:grass_block":2},"minecraft:custom":{"minecraft:time_since_rest":1164580,"minecraft:sprint_one_cm":4695,"minecraft:walk_one_cm":61822,"minecraft:mob_kills":24,"minecraft:drop":16,"minecraft:damage_dealt":724,"minecraft:fly_one_cm":26273,"minecraft:open_chest":3,"minecraft:crouch_one_cm":960,"minecraft:play_time":1176457,"minecraft:deaths":1,"minecraft:sneak_time":720,"minecraft:jump":76,"minecraft:leave_game":42,"minecraft:time_since_death":1164554,"minecraft:total_world_time":1336955},"minecraft:dropped":{"gtceu:platinum_group_sludge_dust":128,"kubejs:string":3,"cyber_ware_port:cyberlimbs_cyberleg_left":1,"gravestone:obituary":8,"cyber_ware_port:body_part_leg_right":1,"cyber_ware_port:body_part_arm_right":1},"minecraft:picked_up":{"cyber_ware_port:brain_upgrades_matrix":1,"cyber_ware_port:body_part_arm_right":1,"cyber_ware_port:cybereyes":1,"cyber_ware_port:cybereye_upgrades_underwater_vision":1,"cyber_ware_port:cyberlimbs_cyberarm_right":1,"cyber_ware_port:foot_upgrades_spurs":1,"cyber_ware_port:skin_upgrades_immuno":2,"cyber_ware_port:cyberlimbs_cyberarm_left":1,"cyber_ware_port:hand_upgrades_mining":3,"cyber_ware_port:muscle_upgrades_wired_reflexes":1,"gtceu:platinum_group_sludge_dust":128,"cyber_ware_port:cyberlimbs_cyberleg_left":2,"gravestone:obituary":8,"cyber_ware_port:dense_battery":6,"cyber_ware_port:skin_upgrades_solar_skin":1,"minecraft:dirt":2,"minecraft:paper":63,"kubejs:string":3,"cyber_ware_port:lungs_upgrades_oxygen":3,"cyber_ware_port:bone_upgrades_boneflex":2,"cyber_ware_port:foot_upgrades_wheels":2,"cyber_ware_port:cybereye_upgrades_night_vision":2},"minecraft:killed":{"cyber_ware_port:cyber_zombie":24},"minecraft:crafted":{"minecraft:crafting_table":1},"minecraft:used":{"gtceu:mv_machine_casing":1,"gtceu:lv_bakery":1,"minecraft:lever":1,"gtceu:shock_proof_cutting_casing":9,"minecraft:bricks":2,"gtceu:ev_machine_casing":1,"gtceu:iv_machine_casing":1,"gtceu:hv_machine_casing":1,"gtceu:lv_machine_casing":1,"gtceu:ulv_machine_casing":1,"minecraft:grass_block":11,"minecraft:chest":1,"gtceu:zpm_machine_casing":1,"cyber_ware_port:scanner":1,"cyber_ware_port:radio_kit":1,"javd:portal_block":6,"gtceu:luv_machine_casing":1,"minecraft:stone_bricks":4,"gtceu:ev_particle_accelerator":1,"minecraft:dirt":1,"cyber_ware_port:radio_tower_core":6,"gtceu:heatproof_machine_casing":10,"kubejs:explosion_proof_machine_casing":237,"cyber_ware_port:radio_tower_component":9,"gtceu:stress_proof_casing":3,"storagebox:storagebox":4,"minecraft:repeating_command_block":1,"gtceu:uhv_machine_casing":1,"gtceu:uv_machine_casing":1,"cyber_ware_port:surgery_chamber":2,"cyber_ware_port:robo_surgeon":3,"cyber_ware_port:katana":16}},"DataVersion":3465}