{"stats":{"minecraft:killed":{"cyber_ware_port:cyber_zombie":24},"minecraft:picked_up":{"cyber_ware_port:brain_upgrades_matrix":1,"kubejs:frozen_valine3g":1,"cyber_ware_port:body_part_arm_right":1,"cyber_ware_port:cybereyes":1,"kubejs:boolean":64,"cyber_ware_port:cybereye_upgrades_underwater_vision":1,"cyber_ware_port:cyberlimbs_cyberarm_right":1,"gtceu:ev_vanadium_battery":1,"cyber_ware_port:foot_upgrades_spurs":1,"cyber_ware_port:skin_upgrades_immuno":2,"cyber_ware_port:cyberlimbs_cyberarm_left":1,"cyber_ware_port:hand_upgrades_mining":3,"cyber_ware_port:muscle_upgrades_wired_reflexes":1,"gtceu:platinum_group_sludge_dust":128,"cyber_ware_port:cyberlimbs_cyberleg_left":2,"gravestone:obituary":8,"cyber_ware_port:dense_battery":6,"cyber_ware_port:skin_upgrades_solar_skin":1,"minecraft:dirt":2,"minecraft:paper":63,"kubejs:string":3,"cyber_ware_port:lungs_upgrades_oxygen":3,"cyber_ware_port:bone_upgrades_boneflex":2,"cyber_ware_port:foot_upgrades_wheels":2,"cyber_ware_port:cybereye_upgrades_night_vision":2,"kubejs:particle_shard":1,"kubejs:explosion_proof_machine_casing":1},"minecraft:crafted":{"minecraft:crafting_table":1},"minecraft:used":{"gtceu:mv_machine_casing":1,"ae2:drive":1,"gtceu:shock_proof_cutting_casing":9,"gtceu:lv_bakery":1,"minecraft:lever":1,"minecraft:bricks":2,"gtceu:ev_machine_casing":1,"gtceu:iv_machine_casing":1,"gtceu:hv_machine_casing":1,"gtceu:lv_machine_casing":1,"gtceu:ulv_machine_casing":1,"minecraft:grass_block":11,"minecraft:chest":1,"gtceu:zpm_machine_casing":1,"cyber_ware_port:scanner":1,"cyber_ware_port:radio_kit":1,"kubejs:fission_casing":4,"javd:portal_block":6,"ae2:fluix_glass_cable":1,"gtceu:stable_machine_casing":4,"gtceu:terminal":1,"gtceu:luv_machine_casing":1,"minecraft:stone_bricks":4,"gtceu:ev_particle_accelerator":1,"ae2:creative_energy_cell":1,"minecraft:dirt":1,"cyber_ware_port:radio_tower_core":6,"gtceu:heatproof_machine_casing":10,"kubejs:explosion_proof_machine_casing":382,"cyber_ware_port:radio_tower_component":9,"gtceu:stress_proof_casing":3,"storagebox:storagebox":4,"gtceu:uhv_machine_casing":1,"minecraft:repeating_command_block":1,"gtceu:uv_machine_casing":1,"cyber_ware_port:surgery_chamber":2,"cyber_ware_port:robo_surgeon":3,"cyber_ware_port:katana":16,"ae2:crafting_terminal":1,"ae2:controller":1},"minecraft:custom":{"minecraft:time_since_rest":1207213,"minecraft:sprint_one_cm":11149,"minecraft:walk_one_cm":73202,"minecraft:mob_kills":24,"minecraft:drop":17,"minecraft:damage_dealt":724,"minecraft:fly_one_cm":98417,"minecraft:open_chest":4,"minecraft:crouch_one_cm":1588,"minecraft:play_time":1219090,"minecraft:deaths":1,"minecraft:sneak_time":1113,"minecraft:jump":132,"minecraft:leave_game":45,"minecraft:time_since_death":1207187,"minecraft:total_world_time":1388425},"minecraft:mined":{"minecraft:grass_block":2},"minecraft:dropped":{"gtceu:platinum_group_sludge_dust":128,"kubejs:string":3,"cyber_ware_port:cyberlimbs_cyberleg_left":1,"gravestone:obituary":8,"cyber_ware_port:body_part_leg_right":1,"cyber_ware_port:body_part_arm_right":1,"kubejs:explosion_proof_machine_casing":1}},"DataVersion":3465}