{
	"parent": "item/handheld",
	"textures": {
		"layer0": "gtceu:item/tools/handle_saw",
		"layer1": "gtceu:item/tools/saw",
		"layer2": "gtceu:item/tools/saw_overlay"
	},
	"display": {
		"firstperson_righthand": {
			"rotation": [0, 90, -25],
			"translation": [0, 3, 0],
			"scale": [0.85, 0.85, 0.85]
		},
		"firstperson_lefthand": {
			"rotation": [-25, -90, 0],
			"translation": [0, 3, 0],
			"scale": [0.85, 0.85, 0.85]
		},
		"thirdperson_righthand": {
			"rotation": [0, 90, 55],
			"translation": [0, 3, 2],
			"scale": [0.85, 0.85, 0.85]
		},
		"thirdperson_lefthand": {
			"rotation": [0, -90, -55],
			"translation": [0, 3, 2],
			"scale": [0.85, 0.85, 0.85]
		}
	}
}