{
  "minecraft:recipes/decorations/crafting_table": {
    "criteria": {
      "unlock_right_away": "2025-12-10 14:44:32 +0900"
    },
    "done": true
  },
  "minecraft:adventure/adventuring_time": {
    "criteria": {
      "minecraft:plains": "2025-12-10 14:45:08 +0900"
    },
    "done": false
  },
  "ae2wtlib:recipes/magnet_card": {
    "criteria": {
      "has_wct": "2025-12-10 14:59:29 +0900"
    },
    "done": true
  },
  "ae2wtlib:recipes/wireless_universal_terminal/upgrade_pattern_access": {
    "criteria": {
      "has_wit": "2025-12-10 14:59:29 +0900"
    },
    "done": true
  },
  "ae2wtlib:recipes/wireless_pattern_encoding_terminal": {
    "criteria": {
      "has_wt": "2025-12-10 14:59:29 +0900"
    },
    "done": true
  },
  "ae2wtlib:recipes/wireless_universal_terminal/upgrade_pattern_encoding": {
    "criteria": {
      "has_wpt": "2025-12-10 14:59:29 +0900"
    },
    "done": true
  },
  "ae2wtlib:recipes/wireless_universal_terminal/ce": {
    "criteria": {
      "has_wpt": "2025-12-10 14:59:29 +0900",
      "has_wct": "2025-12-10 14:59:29 +0900"
    },
    "done": true
  },
  "ae2wtlib:recipes/wireless_universal_terminal/ca": {
    "criteria": {
      "has_wit": "2025-12-10 14:59:29 +0900",
      "has_wct": "2025-12-10 14:59:29 +0900"
    },
    "done": true
  },
  "ae2wtlib:recipes/wireless_universal_terminal/upgrade_crafting": {
    "criteria": {
      "has_wct": "2025-12-10 14:59:29 +0900"
    },
    "done": true
  },
  "ae2wtlib:recipes/wireless_universal_terminal/ae": {
    "criteria": {
      "has_wit": "2025-12-10 14:59:29 +0900",
      "has_wpt": "2025-12-10 14:59:29 +0900"
    },
    "done": true
  },
  "ae2wtlib:recipes/wireless_pattern_access_terminal": {
    "criteria": {
      "has_wt": "2025-12-10 14:59:29 +0900"
    },
    "done": true
  },
  "ae2wtlib:recipes/quantum_bridge_card": {
    "criteria": {
      "has_wit": "2025-12-10 14:59:29 +0900",
      "has_wpt": "2025-12-10 14:59:29 +0900",
      "has_wct": "2025-12-10 14:59:29 +0900"
    },
    "done": true
  },
  "minecraft:adventure/root": {
    "criteria": {
      "killed_something": "2025-12-10 20:59:17 +0900"
    },
    "done": true
  },
  "minecraft:recipes/decorations/chest": {
    "criteria": {
      "has_lots_of_items": "2025-12-10 20:59:37 +0900"
    },
    "done": true
  },
  "minecraft:recipes/misc/book": {
    "criteria": {
      "has_paper": "2025-12-10 20:59:52 +0900"
    },
    "done": true
  },
  "minecraft:recipes/decorations/cartography_table": {
    "criteria": {
      "has_paper": "2025-12-10 20:59:52 +0900"
    },
    "done": true
  },
  "farmersdelight:main/root": {
    "criteria": {
      "seeds": "2025-12-12 20:41:22 +0900"
    },
    "done": true
  },
  "ironchest:recipes/decorations/chests/vanilla_dirt_chest": {
    "criteria": {
      "has_iron_ingot": "2025-12-13 08:36:46 +0900"
    },
    "done": true
  },
  "minecraft:recipes/decorations/oak_sign": {
    "criteria": {
      "has_planks": "2025-12-13 08:36:54 +0900"
    },
    "done": true
  },
  "minecraft:recipes/redstone/oak_trapdoor": {
    "criteria": {
      "has_planks": "2025-12-13 08:36:54 +0900"
    },
    "done": true
  },
  "minecraft:recipes/misc/stick": {
    "criteria": {
      "has_planks": "2025-12-13 08:36:54 +0900"
    },
    "done": true
  },
  "minecraft:recipes/building_blocks/oak_stairs": {
    "criteria": {
      "has_planks": "2025-12-13 08:36:54 +0900"
    },
    "done": true
  },
  "minecraft:recipes/decorations/oak_fence": {
    "criteria": {
      "has_planks": "2025-12-13 08:36:54 +0900"
    },
    "done": true
  },
  "minecraft:recipes/redstone/oak_button": {
    "criteria": {
      "has_planks": "2025-12-13 08:36:54 +0900"
    },
    "done": true
  },
  "minecraft:recipes/building_blocks/oak_slab": {
    "criteria": {
      "has_planks": "2025-12-13 08:36:54 +0900"
    },
    "done": true
  },
  "minecraft:recipes/redstone/oak_fence_gate": {
    "criteria": {
      "has_planks": "2025-12-13 08:36:54 +0900"
    },
    "done": true
  },
  "minecraft:recipes/redstone/oak_pressure_plate": {
    "criteria": {
      "has_planks": "2025-12-13 08:36:54 +0900"
    },
    "done": true
  },
  "minecraft:recipes/redstone/oak_door": {
    "criteria": {
      "has_planks": "2025-12-13 08:36:54 +0900"
    },
    "done": true
  },
  "minecraft:recipes/decorations/barrel": {
    "criteria": {
      "has_planks": "2025-12-13 08:36:54 +0900"
    },
    "done": true
  },
  "minecraft:story/root": {
    "criteria": {
      "crafting_table": "2025-12-13 08:37:15 +0900"
    },
    "done": true
  },
  "minecraft:recipes/building_blocks/spruce_wood": {
    "criteria": {
      "has_log": "2025-12-13 18:58:09 +0900"
    },
    "done": true
  },
  "minecraft:recipes/building_blocks/spruce_planks": {
    "criteria": {
      "has_logs": "2025-12-13 18:58:09 +0900"
    },
    "done": true
  },
  "minecraft:recipes/misc/charcoal": {
    "criteria": {
      "has_log": "2025-12-13 18:58:09 +0900"
    },
    "done": true
  },
  "minecraft:recipes/decorations/brick_wall": {
    "criteria": {
      "has_bricks": "2025-12-15 07:40:07 +0900"
    },
    "done": true
  },
  "minecraft:recipes/building_blocks/brick_stairs": {
    "criteria": {
      "has_bricks": "2025-12-15 07:40:07 +0900"
    },
    "done": true
  },
  "minecraft:recipes/building_blocks/brick_slab_from_bricks_stonecutting": {
    "criteria": {
      "has_bricks": "2025-12-15 07:40:07 +0900"
    },
    "done": true
  },
  "minecraft:recipes/building_blocks/brick_stairs_from_bricks_stonecutting": {
    "criteria": {
      "has_bricks": "2025-12-15 07:40:07 +0900"
    },
    "done": true
  },
  "minecraft:recipes/building_blocks/brick_slab": {
    "criteria": {
      "has_bricks": "2025-12-15 07:40:07 +0900"
    },
    "done": true
  },
  "minecraft:recipes/decorations/brick_wall_from_bricks_stonecutting": {
    "criteria": {
      "has_bricks": "2025-12-15 07:40:07 +0900"
    },
    "done": true
  },
  "minecraft:recipes/decorations/stone_brick_wall": {
    "criteria": {
      "has_stone_bricks": "2025-12-15 07:40:08 +0900"
    },
    "done": true
  },
  "minecraft:recipes/building_blocks/cracked_stone_bricks": {
    "criteria": {
      "has_stone_bricks": "2025-12-15 07:40:08 +0900"
    },
    "done": true
  },
  "minecraft:recipes/building_blocks/stone_brick_stairs_from_stone_bricks_stonecutting": {
    "criteria": {
      "has_stone_bricks": "2025-12-15 07:40:08 +0900"
    },
    "done": true
  },
  "minecraft:recipes/building_blocks/stone_brick_stairs": {
    "criteria": {
      "has_stone_bricks": "2025-12-15 07:40:08 +0900"
    },
    "done": true
  },
  "minecraft:recipes/building_blocks/chiseled_stone_bricks": {
    "criteria": {
      "has_tag": "2025-12-15 07:40:08 +0900"
    },
    "done": true
  },
  "minecraft:recipes/decorations/stone_brick_wall_from_stone_bricks_stonecutting": {
    "criteria": {
      "has_stone_bricks": "2025-12-15 07:40:08 +0900"
    },
    "done": true
  },
  "minecraft:recipes/building_blocks/stone_brick_slab_from_stone_bricks_stonecutting": {
    "criteria": {
      "has_stone_bricks": "2025-12-15 07:40:08 +0900"
    },
    "done": true
  },
  "minecraft:recipes/building_blocks/stone_brick_slab": {
    "criteria": {
      "has_stone_bricks": "2025-12-15 07:40:08 +0900"
    },
    "done": true
  },
  "minecraft:recipes/building_blocks/chiseled_stone_bricks_from_stone_bricks_stonecutting": {
    "criteria": {
      "has_stone_bricks": "2025-12-15 07:40:08 +0900"
    },
    "done": true
  },
  "ae2:main/controller": {
    "criteria": {
      "certus": "2025-12-17 06:55:39 +0900"
    },
    "done": true
  },
  "ae2:recipes/misc/network/blocks/io_port": {
    "criteria": {
      "has_drive": "2025-12-17 06:55:40 +0900"
    },
    "done": true
  },
  "ae2:main/crafting_terminal": {
    "criteria": {
      "certus": "2025-12-17 06:56:12 +0900"
    },
    "done": true
  },
  "ae2:recipes/misc/network/wireless_crafting_terminal": {
    "criteria": {
      "has_terminal": "2025-12-17 06:56:12 +0900"
    },
    "done": true
  },
  "ae2:recipes/misc/network/parts/terminals_pattern_encoding": {
    "criteria": {
      "has_crafting_terminal": "2025-12-17 06:56:12 +0900"
    },
    "done": true
  },
  "ae2:recipes/misc/network/cables/glass_blue": {
    "criteria": {
      "has_fluix_glass_cable": "2025-12-17 06:56:17 +0900"
    },
    "done": true
  },
  "ae2:recipes/misc/network/cables/glass_green": {
    "criteria": {
      "has_fluix_glass_cable": "2025-12-17 06:56:17 +0900"
    },
    "done": true
  },
  "ae2:recipes/misc/network/cables/glass_lime": {
    "criteria": {
      "has_fluix_glass_cable": "2025-12-17 06:56:17 +0900"
    },
    "done": true
  },
  "ae2:recipes/misc/network/cables/glass_light_blue": {
    "criteria": {
      "has_fluix_glass_cable": "2025-12-17 06:56:17 +0900"
    },
    "done": true
  },
  "ae2:recipes/misc/network/cables/glass_black": {
    "criteria": {
      "has_fluix_glass_cable": "2025-12-17 06:56:17 +0900"
    },
    "done": true
  },
  "ae2:recipes/misc/network/cables/glass_brown": {
    "criteria": {
      "has_fluix_glass_cable": "2025-12-17 06:56:17 +0900"
    },
    "done": true
  },
  "ae2:recipes/misc/network/cables/glass_pink": {
    "criteria": {
      "has_fluix_glass_cable": "2025-12-17 06:56:17 +0900"
    },
    "done": true
  },
  "megacells:recipes/misc/network/cell_dock": {
    "criteria": {
      "has_glass_cable": "2025-12-17 06:56:17 +0900"
    },
    "done": true
  },
  "ae2:recipes/misc/network/cables/glass_light_gray": {
    "criteria": {
      "has_fluix_glass_cable": "2025-12-17 06:56:17 +0900"
    },
    "done": true
  },
  "ae2:recipes/misc/network/blocks/crystal_processing_growth_accelerator": {
    "criteria": {
      "has_glass_cable": "2025-12-17 06:56:17 +0900"
    },
    "done": true
  },
  "ae2:recipes/misc/network/cables/glass_purple": {
    "criteria": {
      "has_fluix_glass_cable": "2025-12-17 06:56:17 +0900"
    },
    "done": true
  },
  "ae2:recipes/misc/network/cables/glass_orange": {
    "criteria": {
      "has_fluix_glass_cable": "2025-12-17 06:56:17 +0900"
    },
    "done": true
  },
  "ae2:recipes/misc/network/cables/covered_fluix": {
    "criteria": {
      "has_glass_cable": "2025-12-17 06:56:17 +0900"
    },
    "done": true
  },
  "ae2:recipes/misc/network/blocks/storage_chest": {
    "criteria": {
      "has_glass_cable": "2025-12-17 06:56:17 +0900"
    },
    "done": true
  },
  "ae2:recipes/misc/network/cables/glass_gray": {
    "criteria": {
      "has_fluix_glass_cable": "2025-12-17 06:56:17 +0900"
    },
    "done": true
  },
  "ae2:recipes/misc/network/cables/glass_fluix_clean": {
    "criteria": {
      "has_glass_cable": "2025-12-17 06:56:17 +0900"
    },
    "done": true
  },
  "ae2:recipes/misc/network/cables/glass_red": {
    "criteria": {
      "has_fluix_glass_cable": "2025-12-17 06:56:17 +0900"
    },
    "done": true
  },
  "ae2:recipes/misc/network/cables/glass_yellow": {
    "criteria": {
      "has_fluix_glass_cable": "2025-12-17 06:56:17 +0900"
    },
    "done": true
  },
  "ae2:main/glass_cable": {
    "criteria": {
      "certus": "2025-12-17 06:56:17 +0900"
    },
    "done": true
  },
  "ae2:recipes/misc/network/cables/glass_white": {
    "criteria": {
      "has_fluix_glass_cable": "2025-12-17 06:56:17 +0900"
    },
    "done": true
  },
  "ae2:recipes/misc/network/cables/glass_cyan": {
    "criteria": {
      "has_fluix_glass_cable": "2025-12-17 06:56:17 +0900"
    },
    "done": true
  },
  "ae2:recipes/misc/network/blocks/spatial_io_pylon": {
    "criteria": {
      "has_glass_cable": "2025-12-17 06:56:17 +0900"
    },
    "done": true
  },
  "ae2:recipes/misc/network/cables/glass_magenta": {
    "criteria": {
      "has_fluix_glass_cable": "2025-12-17 06:56:17 +0900"
    },
    "done": true
  },
  "ae2:recipes/misc/network/parts/toggle_bus": {
    "criteria": {
      "has_glass_cable": "2025-12-17 06:56:17 +0900"
    },
    "done": true
  },
  "minecraft:recipes/brewing/cauldron": {
    "criteria": {
      "has_water_bucket": "2025-12-17 06:56:21 +0900"
    },
    "done": true
  },
  "minecraft:recipes/building_blocks/birch_wood": {
    "criteria": {
      "has_log": "2025-12-17 07:50:54 +0900"
    },
    "done": true
  },
  "minecraft:recipes/building_blocks/birch_planks": {
    "criteria": {
      "has_logs": "2025-12-17 07:50:54 +0900"
    },
    "done": true
  },
  "DataVersion": 3465
}